listing_id,host_id,property_type,room_type,city,country,accommodates,bedrooms,bathrooms,price_per_night,created_at
1,150,House,Entire home,West Lisafort,Malta,3,1,2,84,2025-12-26 14:15:54.011160
2,91,Apartment,Private room,North Cherylberg,Western Sahara,1,2,3,140,2025-12-26 14:15:54.011160
3,65,Condo,Entire home,Whitneyfort,Martinique,1,4,3,215,2025-12-26 14:15:54.011160
4,48,Condo,Entire home,New Crystal,Argentina,1,2,1,165,2025-12-26 14:15:54.011160
5,63,Apartment,Private room,Churchmouth,Maldives,5,2,3,136,2025-12-26 14:15:54.011160
6,109,Apartment,Private room,Port Juan,Italy,2,3,2,209,2025-12-26 14:15:54.011160
7,18,House,Private room,Christinaborough,Svalbard & Jan Mayen Islands,1,1,1,102,2025-12-26 14:15:54.011160
8,139,Condo,Private room,Lake Jennaberg,Costa Rica,6,4,3,104,2025-12-26 14:15:54.011160
9,135,Apartment,Entire home,South Samanthaside,Poland,1,2,3,55,2025-12-26 14:15:54.011160
10,131,Apartment,Entire home,Carlsonside,Saudi Arabia,4,3,1,231,2025-12-26 14:15:54.011160
11,15,House,Entire home,North Micheal,Uruguay,1,4,3,216,2025-12-26 14:15:54.011160
12,54,Condo,Private room,New Maurice,United States Virgin Islands,3,1,1,253,2025-12-26 14:15:54.011160
13,121,Condo,Private room,Carlsonfort,Czech Republic,6,3,1,197,2025-12-26 14:15:54.011160
14,95,Condo,Private room,Johnsonborough,Albania,2,3,2,130,2025-12-26 14:15:54.011160
15,71,House,Entire home,Lake Nicholasborough,New Zealand,3,3,1,102,2025-12-26 14:15:54.011160
16,107,Condo,Private room,Jamesfurt,San Marino,6,1,3,160,2025-12-26 14:15:54.011160
17,64,House,Private room,Port Dustinhaven,Pakistan,3,2,3,78,2025-12-26 14:15:54.011160
18,29,Apartment,Private room,Breannaport,South Africa,3,4,3,92,2025-12-26 14:15:54.011160
19,21,Apartment,Entire home,Austinton,Latvia,6,4,2,70,2025-12-26 14:15:54.011160
20,3,Condo,Entire home,East Sarahview,Ukraine,5,4,1,204,2025-12-26 14:15:54.011160
21,144,House,Entire home,Jamesview,Norfolk Island,5,4,1,204,2025-12-26 14:15:54.011160
22,172,Apartment,Entire home,Davilahaven,Saint Lucia,2,4,3,80,2025-12-26 14:15:54.011160
23,146,Condo,Entire home,North Kristen,Aruba,1,1,3,92,2025-12-26 14:15:54.011160
24,43,House,Private room,East Loriland,Wallis and Futuna,3,2,2,77,2025-12-26 14:15:54.011160
25,180,Apartment,Private room,Leonbury,Malta,6,4,3,153,2025-12-26 14:15:54.011160
26,54,House,Private room,New Gracefurt,Slovakia (Slovak Republic),2,4,1,204,2025-12-26 14:15:54.011160
27,7,Apartment,Private room,New Brianberg,Maldives,3,1,2,142,2025-12-26 14:15:54.011160
28,186,House,Entire home,Fraziertown,Indonesia,4,3,3,92,2025-12-26 14:15:54.011160
29,122,Apartment,Entire home,Beverlyton,Sweden,2,1,3,244,2025-12-26 14:15:54.011160
30,53,Apartment,Entire home,Josephville,Vanuatu,3,4,2,132,2025-12-26 14:15:54.011160
31,13,Apartment,Entire home,Lake Brian,Iran,6,2,2,290,2025-12-26 14:15:54.011160
32,23,House,Entire home,Eatonfort,United Arab Emirates,4,1,1,157,2025-12-26 14:15:54.011160
33,118,House,Entire home,New Amandahaven,Uganda,4,3,3,108,2025-12-26 14:15:54.011160
34,184,Apartment,Entire home,Jordanview,Andorra,4,4,2,251,2025-12-26 14:15:54.011160
35,94,House,Entire home,South Ryanstad,Tuvalu,4,3,2,135,2025-12-26 14:15:54.011160
36,190,Apartment,Entire home,Smithtown,Mongolia,4,4,3,235,2025-12-26 14:15:54.011160
37,139,Apartment,Entire home,Downsbury,Azerbaijan,2,1,2,108,2025-12-26 14:15:54.011160
38,192,Apartment,Entire home,Lake Courtney,China,3,3,3,195,2025-12-26 14:15:54.011160
39,139,House,Entire home,Lake Christopher,Aruba,3,4,2,198,2025-12-26 14:15:54.011160
40,40,House,Entire home,North Kathrynstad,Korea,6,4,1,167,2025-12-26 14:15:54.011160
41,158,Condo,Entire home,North Alexisfurt,Kuwait,1,3,3,226,2025-12-26 14:15:54.011160
42,192,Apartment,Entire home,East Jacob,Brazil,3,2,2,137,2025-12-26 14:15:54.011160
43,105,Condo,Entire home,Barnestown,Czech Republic,6,3,3,251,2025-12-26 14:15:54.011160
44,86,House,Private room,South Anthonyville,Malawi,2,2,1,107,2025-12-26 14:15:54.011160
45,68,Condo,Private room,North Cynthia,Tanzania,5,4,2,96,2025-12-26 14:15:54.011160
46,158,House,Private room,Port Victoriamouth,Palestinian Territory,4,3,2,226,2025-12-26 14:15:54.011160
47,71,Apartment,Private room,South David,Cape Verde,3,2,1,251,2025-12-26 14:15:54.011160
48,169,Apartment,Entire home,Leeland,Ghana,5,2,1,164,2025-12-26 14:15:54.011160
49,1,Apartment,Private room,Lake Kennethstad,Anguilla,5,2,1,250,2025-12-26 14:15:54.011160
50,177,Condo,Entire home,East Kelsey,Holy See (Vatican City State),1,2,2,125,2025-12-26 14:15:54.011160
51,63,House,Private room,Danafurt,Pitcairn Islands,6,1,2,141,2025-12-26 14:15:54.011160
52,122,House,Entire home,Laurachester,Micronesia,6,2,3,106,2025-12-26 14:15:54.011160
53,179,Condo,Entire home,Robertfort,Armenia,2,1,2,267,2025-12-26 14:15:54.011160
54,181,House,Private room,East Tracy,Turkey,2,2,1,98,2025-12-26 14:15:54.011160
55,107,House,Private room,Victoriafurt,El Salvador,4,3,3,197,2025-12-26 14:15:54.011160
56,101,House,Private room,West Shaneville,Botswana,1,3,1,58,2025-12-26 14:15:54.011160
57,119,House,Entire home,North Joshuahaven,Saint Barthelemy,6,3,2,216,2025-12-26 14:15:54.011160
58,43,Apartment,Entire home,East Brandyborough,India,4,2,1,246,2025-12-26 14:15:54.011160
59,9,Apartment,Entire home,Lawrenceport,Madagascar,5,1,2,154,2025-12-26 14:15:54.011160
60,168,House,Private room,Jenniferbury,Seychelles,6,2,2,51,2025-12-26 14:15:54.011160
61,33,Condo,Entire home,Lisaport,Lesotho,6,1,3,262,2025-12-26 14:15:54.011160
62,25,House,Entire home,Ayalafurt,Tunisia,3,2,1,250,2025-12-26 14:15:54.011160
63,54,Condo,Private room,Alisonfort,Uruguay,2,3,2,143,2025-12-26 14:15:54.011160
64,20,House,Entire home,Ritahaven,India,6,1,3,201,2025-12-26 14:15:54.011160
65,156,House,Private room,West Jamesfurt,Western Sahara,4,2,1,178,2025-12-26 14:15:54.011160
66,164,Condo,Private room,Lake Jenniferberg,Kiribati,3,1,1,284,2025-12-26 14:15:54.011160
67,89,Apartment,Entire home,New Deanton,Grenada,1,4,1,141,2025-12-26 14:15:54.011160
68,91,Condo,Entire home,Hamiltonburgh,Panama,2,2,3,240,2025-12-26 14:15:54.011160
69,180,Apartment,Entire home,Stokesberg,Iran,3,1,3,223,2025-12-26 14:15:54.011160
70,21,Condo,Entire home,Stephenborough,Brunei Darussalam,5,4,2,199,2025-12-26 14:15:54.011160
71,101,Condo,Entire home,Port Aaron,Lesotho,5,2,3,71,2025-12-26 14:15:54.011160
72,49,Condo,Private room,North Jamie,United States of America,2,1,1,117,2025-12-26 14:15:54.011160
73,150,Apartment,Entire home,Angelafurt,North Macedonia,6,3,2,162,2025-12-26 14:15:54.011160
74,123,Apartment,Private room,New Nancy,Qatar,4,4,2,291,2025-12-26 14:15:54.011160
75,34,House,Private room,Jeffreytown,Yemen,2,2,2,180,2025-12-26 14:15:54.011160
76,124,Apartment,Entire home,Port Victor,Saint Martin,4,2,3,92,2025-12-26 14:15:54.011160
77,129,Condo,Private room,Savageborough,Tuvalu,4,3,1,208,2025-12-26 14:15:54.011160
78,133,Condo,Private room,New Jessica,Faroe Islands,4,1,2,145,2025-12-26 14:15:54.011160
79,191,Condo,Entire home,South Brendashire,Andorra,2,2,2,155,2025-12-26 14:15:54.011160
80,172,Apartment,Entire home,East Bill,Saint Pierre and Miquelon,1,1,2,159,2025-12-26 14:15:54.011160
81,85,House,Private room,Marcusburgh,Egypt,6,2,3,245,2025-12-26 14:15:54.011160
82,143,Condo,Entire home,New Deannatown,Mauritius,3,3,2,187,2025-12-26 14:15:54.011160
83,86,Apartment,Entire home,Fletcherstad,Libyan Arab Jamahiriya,5,4,2,149,2025-12-26 14:15:54.011160
84,57,House,Entire home,East Meganfort,New Zealand,6,3,1,113,2025-12-26 14:15:54.011160
85,110,Apartment,Private room,Lake Jacqueline,Korea,6,2,2,71,2025-12-26 14:15:54.011160
86,163,Apartment,Entire home,Lake Maryshire,El Salvador,5,3,2,162,2025-12-26 14:15:54.011160
87,48,Apartment,Entire home,Murphyside,United Arab Emirates,4,2,3,273,2025-12-26 14:15:54.011160
88,29,Condo,Private room,Rebeccastad,Turkmenistan,3,2,3,52,2025-12-26 14:15:54.011160
89,38,Apartment,Private room,Howardport,Swaziland,6,1,2,85,2025-12-26 14:15:54.011160
90,104,Condo,Entire home,North Robert,Wallis and Futuna,5,2,3,123,2025-12-26 14:15:54.011160
91,66,Condo,Entire home,West Stephenhaven,Egypt,6,2,3,87,2025-12-26 14:15:54.011160
92,87,Condo,Private room,Jeremyville,Spain,2,2,2,171,2025-12-26 14:15:54.011160
93,65,Condo,Private room,West Jennifer,Morocco,5,2,3,242,2025-12-26 14:15:54.011160
94,3,House,Private room,Port Johnberg,Tokelau,5,2,3,169,2025-12-26 14:15:54.011160
95,171,Apartment,Private room,Jeanettefurt,Nicaragua,3,1,3,212,2025-12-26 14:15:54.011160
96,80,Condo,Private room,Rossstad,United Kingdom,5,3,3,273,2025-12-26 14:15:54.011160
97,52,Condo,Entire home,Andrewsburgh,Jersey,3,4,2,191,2025-12-26 14:15:54.011160
98,160,House,Private room,Lake Shelbyborough,Sao Tome and Principe,5,4,1,214,2025-12-26 14:15:54.011160
99,60,Condo,Entire home,South Ginafurt,Pitcairn Islands,4,1,1,72,2025-12-26 14:15:54.011160
100,177,Apartment,Private room,Hansenport,Djibouti,1,3,2,63,2025-12-26 14:15:54.011160
101,173,House,Private room,Elliottborough,Sao Tome and Principe,5,2,3,91,2025-12-26 14:15:54.011160
102,8,House,Private room,Troyville,Uganda,1,2,3,84,2025-12-26 14:15:54.011160
103,67,Condo,Entire home,Leemouth,Uganda,3,2,1,216,2025-12-26 14:15:54.011160
104,194,House,Private room,North Stephanie,Sao Tome and Principe,4,4,3,73,2025-12-26 14:15:54.011160
105,183,Apartment,Entire home,Owensshire,French Guiana,5,2,1,246,2025-12-26 14:15:54.011160
106,13,Apartment,Private room,Port Jenniferhaven,Lesotho,6,2,2,256,2025-12-26 14:15:54.011160
107,127,House,Private room,Robertfurt,Djibouti,1,4,3,213,2025-12-26 14:15:54.011160
108,14,Apartment,Entire home,Tracishire,Norway,3,1,1,151,2025-12-26 14:15:54.011160
109,192,House,Entire home,Port Scottbury,Mongolia,1,3,3,150,2025-12-26 14:15:54.011160
110,198,House,Private room,Port Pamelaton,Indonesia,1,1,3,278,2025-12-26 14:15:54.011160
111,15,House,Entire home,West Alexandriaside,Lebanon,6,4,2,204,2025-12-26 14:15:54.011160
112,59,Apartment,Entire home,Lake Cesar,Japan,4,3,2,246,2025-12-26 14:15:54.011160
113,108,House,Private room,South Crystal,Northern Mariana Islands,2,1,3,246,2025-12-26 14:15:54.011160
114,132,House,Private room,West Olivia,Reunion,6,4,2,286,2025-12-26 14:15:54.011160
115,137,Condo,Entire home,Port Kim,San Marino,5,2,1,187,2025-12-26 14:15:54.011160
116,25,Apartment,Entire home,Mccallshire,Tokelau,6,2,1,65,2025-12-26 14:15:54.011160
117,5,House,Entire home,Barnettburgh,Solomon Islands,3,4,2,168,2025-12-26 14:15:54.011160
118,138,House,Entire home,Amyburgh,British Indian Ocean Territory (Chagos Archipelago),4,4,1,52,2025-12-26 14:15:54.011160
119,66,House,Private room,Williammouth,British Indian Ocean Territory (Chagos Archipelago),5,1,2,243,2025-12-26 14:15:54.011160
120,138,House,Entire home,Jenniferburgh,Nigeria,1,2,3,59,2025-12-26 14:15:54.011160
121,57,Apartment,Entire home,Lake Bethany,Italy,4,1,2,244,2025-12-26 14:15:54.011160
122,74,Condo,Entire home,North Stephanietown,Austria,6,3,1,222,2025-12-26 14:15:54.011160
123,176,Condo,Entire home,Elizabethmouth,Malawi,6,2,2,142,2025-12-26 14:15:54.011160
124,133,House,Private room,Carterborough,Paraguay,1,1,2,264,2025-12-26 14:15:54.011160
125,89,House,Private room,Lynnbury,United States Virgin Islands,5,4,1,163,2025-12-26 14:15:54.011160
126,23,Apartment,Entire home,New Renee,Mongolia,3,2,3,270,2025-12-26 14:15:54.011160
127,106,Apartment,Entire home,South Benjaminview,Ireland,3,1,1,60,2025-12-26 14:15:54.011160
128,122,Apartment,Entire home,Kimberlystad,Moldova,1,2,3,180,2025-12-26 14:15:54.011160
129,185,Condo,Private room,Shanemouth,Liberia,5,1,3,80,2025-12-26 14:15:54.011160
130,81,Condo,Private room,Margaretfurt,Saint Lucia,5,4,2,299,2025-12-26 14:15:54.011160
131,5,Condo,Entire home,New Crystal,Ukraine,5,2,3,154,2025-12-26 14:15:54.011160
132,172,House,Private room,Port Shane,Ethiopia,6,1,3,160,2025-12-26 14:15:54.011160
133,168,Apartment,Entire home,Kristinestad,Bangladesh,3,1,3,140,2025-12-26 14:15:54.011160
134,77,Condo,Private room,Lake Jason,Myanmar,3,3,2,90,2025-12-26 14:15:54.011160
135,78,House,Private room,Morrisville,Czech Republic,1,4,3,87,2025-12-26 14:15:54.011160
136,39,House,Private room,Lake Scott,Greenland,5,1,1,177,2025-12-26 14:15:54.011160
137,144,Condo,Entire home,South Samantha,Italy,5,3,1,148,2025-12-26 14:15:54.011160
138,123,Apartment,Entire home,Port Loriport,Cameroon,3,1,1,242,2025-12-26 14:15:54.011160
139,151,Condo,Entire home,Port Kimberly,Afghanistan,5,1,3,132,2025-12-26 14:15:54.011160
140,6,House,Private room,Mollyton,Cote d'Ivoire,1,3,3,271,2025-12-26 14:15:54.011160
141,88,Apartment,Entire home,Kaitlynchester,Uzbekistan,4,3,1,68,2025-12-26 14:15:54.011160
142,67,Condo,Entire home,East Bradleystad,Dominican Republic,4,3,3,87,2025-12-26 14:15:54.011160
143,145,Condo,Private room,Pennymouth,Fiji,1,1,1,179,2025-12-26 14:15:54.011160
144,109,Apartment,Private room,North Teresastad,Zimbabwe,2,4,2,67,2025-12-26 14:15:54.011160
145,112,Apartment,Entire home,Cowanton,French Southern Territories,3,4,1,278,2025-12-26 14:15:54.011160
146,109,Apartment,Private room,Wilkersonberg,Kiribati,6,1,1,135,2025-12-26 14:15:54.011160
147,42,House,Private room,Williamtown,Tonga,1,1,1,250,2025-12-26 14:15:54.011160
148,121,Apartment,Private room,New Nicole,Congo,4,3,2,278,2025-12-26 14:15:54.011160
149,88,Condo,Private room,Paulfurt,Uruguay,1,2,2,66,2025-12-26 14:15:54.011160
150,44,Condo,Entire home,Port Samuelborough,Kuwait,3,4,2,60,2025-12-26 14:15:54.011160
151,98,House,Entire home,East Robertside,Honduras,1,3,3,121,2025-12-26 14:15:54.011160
152,183,Apartment,Private room,Rodriguezfurt,Belize,2,2,3,246,2025-12-26 14:15:54.011160
153,182,Apartment,Entire home,South Jakefurt,Iran,5,3,1,204,2025-12-26 14:15:54.011160
154,4,Apartment,Private room,West Kathryn,French Polynesia,6,4,3,70,2025-12-26 14:15:54.011160
155,29,House,Entire home,New Shawn,Marshall Islands,1,3,3,201,2025-12-26 14:15:54.011160
156,46,Apartment,Private room,Port Paul,Iraq,5,1,1,75,2025-12-26 14:15:54.011160
157,163,Apartment,Private room,Frenchmouth,Yemen,4,3,3,122,2025-12-26 14:15:54.011160
158,105,Condo,Private room,Port Craig,Guinea-Bissau,6,1,3,110,2025-12-26 14:15:54.011160
159,29,Apartment,Private room,Stevenside,Brunei Darussalam,6,3,1,146,2025-12-26 14:15:54.011160
160,38,House,Entire home,New Stephaniemouth,French Southern Territories,6,1,3,86,2025-12-26 14:15:54.011160
161,53,Condo,Private room,Pedrobury,Tajikistan,5,1,3,247,2025-12-26 14:15:54.011160
162,60,Condo,Private room,Lake Pamelaville,Maldives,4,1,3,270,2025-12-26 14:15:54.011160
163,74,Condo,Private room,West Jennifer,Micronesia,6,4,1,180,2025-12-26 14:15:54.011160
164,11,Condo,Private room,Port Angela,Antigua and Barbuda,2,3,3,234,2025-12-26 14:15:54.011160
165,152,House,Entire home,Lake Edwin,Antigua and Barbuda,1,3,1,203,2025-12-26 14:15:54.011160
166,199,Condo,Private room,North Justinville,Zambia,1,3,3,289,2025-12-26 14:15:54.011160
167,171,Condo,Entire home,New Phillip,Bouvet Island (Bouvetoya),6,1,2,192,2025-12-26 14:15:54.011160
168,175,Apartment,Entire home,Port Shawn,Liberia,5,1,2,197,2025-12-26 14:15:54.011160
169,47,Condo,Private room,New Annaport,American Samoa,5,4,1,223,2025-12-26 14:15:54.011160
170,76,Condo,Entire home,Bradfordton,New Caledonia,6,2,3,134,2025-12-26 14:15:54.011160
171,65,Apartment,Entire home,South Jamesview,Malawi,3,4,3,209,2025-12-26 14:15:54.011160
172,143,Apartment,Entire home,Port Joseph,Qatar,6,2,3,146,2025-12-26 14:15:54.011160
173,139,Condo,Entire home,Meyerton,Hungary,4,4,3,166,2025-12-26 14:15:54.011160
174,181,House,Private room,Stephenfort,Ghana,3,3,1,113,2025-12-26 14:15:54.011160
175,193,Apartment,Entire home,Carpenterport,Costa Rica,5,1,1,290,2025-12-26 14:15:54.011160
176,2,House,Private room,Brandonside,Cameroon,1,3,1,82,2025-12-26 14:15:54.011160
177,114,Apartment,Private room,South Williammouth,British Virgin Islands,4,3,2,197,2025-12-26 14:15:54.011160
178,183,Apartment,Private room,Gutierrezhaven,Tanzania,3,1,2,254,2025-12-26 14:15:54.011160
179,142,House,Private room,East Jacksonville,Honduras,5,4,2,286,2025-12-26 14:15:54.011160
180,124,House,Private room,Yorkberg,Nauru,1,3,2,134,2025-12-26 14:15:54.011160
181,169,Apartment,Entire home,Maysmouth,Haiti,1,3,1,60,2025-12-26 14:15:54.011160
182,134,Apartment,Entire home,Georgefurt,Mongolia,3,4,1,119,2025-12-26 14:15:54.011160
183,184,Apartment,Entire home,Sarahhaven,Comoros,4,3,2,124,2025-12-26 14:15:54.011160
184,109,Condo,Private room,Colemanmouth,Saint Kitts and Nevis,4,1,2,220,2025-12-26 14:15:54.011160
185,158,Apartment,Private room,Port Brendan,Gabon,5,4,2,117,2025-12-26 14:15:54.011160
186,152,Condo,Private room,West Kristenberg,Holy See (Vatican City State),6,4,2,280,2025-12-26 14:15:54.011160
187,184,Apartment,Private room,Lake Jason,Zambia,4,3,3,217,2025-12-26 14:15:54.011160
188,126,House,Entire home,Lake Laurenfurt,Libyan Arab Jamahiriya,3,3,1,53,2025-12-26 14:15:54.011160
189,38,Apartment,Private room,South Josephmouth,Pakistan,1,4,1,108,2025-12-26 14:15:54.011160
190,171,Condo,Entire home,Owensfort,Montenegro,3,2,1,240,2025-12-26 14:15:54.011160
191,125,House,Entire home,New Michele,Martinique,4,2,2,287,2025-12-26 14:15:54.011160
192,168,House,Private room,North Dianeshire,Poland,5,4,3,271,2025-12-26 14:15:54.011160
193,125,House,Private room,New Stephentown,Monaco,6,3,1,182,2025-12-26 14:15:54.011160
194,161,Condo,Private room,Wiseborough,Peru,5,1,2,162,2025-12-26 14:15:54.011160
195,76,Condo,Private room,Whitakerton,Vanuatu,3,1,3,206,2025-12-26 14:15:54.011160
196,32,House,Private room,Thomasfort,South Africa,6,3,3,125,2025-12-26 14:15:54.011160
197,35,House,Entire home,Victoriaburgh,Paraguay,3,3,3,178,2025-12-26 14:15:54.011160
198,11,Condo,Entire home,Rebeccamouth,Namibia,3,2,1,182,2025-12-26 14:15:54.011160
199,20,Condo,Private room,Jacobfurt,Lao People's Democratic Republic,2,2,1,260,2025-12-26 14:15:54.011160
200,122,House,Entire home,West Amberbury,Nigeria,5,1,3,124,2025-12-26 14:15:54.011160
201,167,Condo,Entire home,Lake Matthewfurt,Luxembourg,5,1,3,170,2025-12-26 14:15:54.011160
202,131,Condo,Entire home,Davismouth,Togo,3,1,2,89,2025-12-26 14:15:54.011160
203,42,Condo,Entire home,Destinyshire,Nepal,2,3,1,65,2025-12-26 14:15:54.011160
204,43,House,Private room,Kleinfort,South Africa,6,1,3,171,2025-12-26 14:15:54.011160
205,197,House,Entire home,Frostton,Mauritius,1,1,2,277,2025-12-26 14:15:54.011160
206,168,House,Private room,Lukechester,Micronesia,2,4,3,171,2025-12-26 14:15:54.011160
207,94,Apartment,Entire home,Port Rebekah,Myanmar,5,2,2,196,2025-12-26 14:15:54.011160
208,175,Condo,Entire home,Baileymouth,Antarctica (the territory South of 60 deg S),1,1,3,53,2025-12-26 14:15:54.011160
209,193,Apartment,Private room,South Jeanne,Micronesia,1,1,2,61,2025-12-26 14:15:54.011160
210,124,Condo,Private room,North Ivan,Malta,3,2,3,223,2025-12-26 14:15:54.011160
211,5,Condo,Entire home,New Scottmouth,Djibouti,5,3,2,292,2025-12-26 14:15:54.011160
212,138,Condo,Entire home,East Ashleyshire,Slovenia,5,4,2,260,2025-12-26 14:15:54.011160
213,112,Condo,Entire home,Lake Nathaniel,Turkey,2,4,1,158,2025-12-26 14:15:54.011160
214,96,Condo,Private room,Mckeebury,Uzbekistan,4,4,2,129,2025-12-26 14:15:54.011160
215,185,House,Private room,Ashleyberg,South Africa,3,3,3,247,2025-12-26 14:15:54.011160
216,22,Apartment,Entire home,Reginaldbury,Burkina Faso,2,1,1,298,2025-12-26 14:15:54.011160
217,139,House,Entire home,South Becky,Greece,1,1,3,269,2025-12-26 14:15:54.011160
218,134,House,Private room,Port William,Guam,1,3,2,217,2025-12-26 14:15:54.011160
219,111,House,Private room,Hicksbury,Mayotte,1,3,3,155,2025-12-26 14:15:54.011160
220,62,Apartment,Private room,South Robert,Bosnia and Herzegovina,4,2,3,73,2025-12-26 14:15:54.011160
221,155,Condo,Private room,Kevinbury,Egypt,2,4,1,138,2025-12-26 14:15:54.011160
222,33,House,Entire home,Carrollfurt,Turkey,4,2,2,158,2025-12-26 14:15:54.011160
223,165,Condo,Private room,Padillamouth,Maldives,3,4,1,114,2025-12-26 14:15:54.011160
224,59,House,Private room,North Charlesburgh,Iceland,5,1,1,108,2025-12-26 14:15:54.011160
225,92,Condo,Entire home,Douglaston,Bolivia,1,1,3,155,2025-12-26 14:15:54.011160
226,14,Condo,Private room,Kellieshire,Guernsey,4,4,2,294,2025-12-26 14:15:54.011160
227,58,House,Private room,Smithstad,Tuvalu,6,3,3,126,2025-12-26 14:15:54.011160
228,20,Apartment,Entire home,Port Andre,Guyana,2,2,3,108,2025-12-26 14:15:54.011160
229,163,House,Entire home,Port Andrewshire,South Georgia and the South Sandwich Islands,3,2,2,106,2025-12-26 14:15:54.011160
230,14,Condo,Entire home,South Lauraberg,Heard Island and McDonald Islands,6,1,3,278,2025-12-26 14:15:54.011160
231,158,Condo,Private room,New Thomas,Palestinian Territory,4,2,1,267,2025-12-26 14:15:54.011160
232,98,Condo,Private room,Coxborough,Spain,2,2,1,244,2025-12-26 14:15:54.011160
233,34,Apartment,Entire home,Toddstad,Portugal,2,3,1,174,2025-12-26 14:15:54.011160
234,73,House,Private room,West Lonnie,Benin,3,3,1,193,2025-12-26 14:15:54.011160
235,73,House,Entire home,Monicachester,India,2,4,1,72,2025-12-26 14:15:54.011160
236,9,Condo,Private room,Port Connieport,Congo,1,4,3,153,2025-12-26 14:15:54.011160
237,34,Apartment,Private room,West Juanfort,Palau,4,4,2,195,2025-12-26 14:15:54.011160
238,127,House,Private room,Lake Laurieview,Azerbaijan,1,1,3,160,2025-12-26 14:15:54.011160
239,77,Condo,Entire home,South Richardchester,Swaziland,3,3,2,88,2025-12-26 14:15:54.011160
240,19,Apartment,Private room,Marymouth,Heard Island and McDonald Islands,5,1,2,239,2025-12-26 14:15:54.011160
241,199,House,Entire home,Hubbardland,Ireland,1,3,1,248,2025-12-26 14:15:54.011160
242,185,House,Private room,Marshallchester,Cote d'Ivoire,2,4,1,214,2025-12-26 14:15:54.011160
243,39,Condo,Entire home,North Jessicastad,Monaco,2,3,2,213,2025-12-26 14:15:54.011160
244,179,House,Entire home,Feliciaside,Zambia,1,2,2,104,2025-12-26 14:15:54.011160
245,108,Apartment,Private room,Davidland,Iran,1,2,3,219,2025-12-26 14:15:54.011160
246,26,House,Private room,Port Sherry,Uzbekistan,1,2,3,88,2025-12-26 14:15:54.011160
247,109,Condo,Entire home,East Cheryl,Congo,5,3,2,281,2025-12-26 14:15:54.011160
248,192,Condo,Private room,Baileychester,Jersey,3,2,2,56,2025-12-26 14:15:54.011160
249,192,Apartment,Entire home,Houstonton,Costa Rica,4,3,3,109,2025-12-26 14:15:54.011160
250,191,House,Private room,New Sheri,Faroe Islands,3,3,3,225,2025-12-26 14:15:54.011160
251,78,Apartment,Entire home,Anthonyburgh,Puerto Rico,1,1,3,56,2025-12-26 14:15:54.011160
252,60,Apartment,Entire home,Lake Jeremy,Rwanda,5,2,1,120,2025-12-26 14:15:54.011160
253,42,House,Private room,Cameronberg,Korea,1,4,1,241,2025-12-26 14:15:54.011160
254,168,Condo,Private room,Mendezbury,Cuba,3,4,2,146,2025-12-26 14:15:54.011160
255,59,Apartment,Private room,Robertsonstad,South Georgia and the South Sandwich Islands,1,3,3,286,2025-12-26 14:15:54.011160
256,90,House,Private room,Lake Matthewborough,Guatemala,6,3,2,141,2025-12-26 14:15:54.011160
257,119,Condo,Entire home,Petersonfurt,Congo,1,1,1,100,2025-12-26 14:15:54.011160
258,180,Condo,Entire home,North Rachelfort,Falkland Islands (Malvinas),3,2,1,137,2025-12-26 14:15:54.011160
259,160,House,Private room,Michaelton,France,2,3,2,118,2025-12-26 14:15:54.011160
260,89,Condo,Private room,Collierchester,Ethiopia,4,2,1,146,2025-12-26 14:15:54.011160
261,94,House,Entire home,East Anne,Bahrain,5,3,3,264,2025-12-26 14:15:54.011160
262,185,Apartment,Private room,Atkinsville,Korea,6,3,1,92,2025-12-26 14:15:54.011160
263,169,House,Private room,Stuartbury,Afghanistan,4,1,3,300,2025-12-26 14:15:54.011160
264,168,Condo,Private room,Shannonchester,Libyan Arab Jamahiriya,4,3,1,154,2025-12-26 14:15:54.011160
265,4,Apartment,Private room,Lake Dennisborough,Italy,1,2,2,224,2025-12-26 14:15:54.011160
266,99,Apartment,Private room,Jillbury,Kiribati,3,2,1,246,2025-12-26 14:15:54.011160
267,175,Apartment,Private room,New Aaron,Sao Tome and Principe,4,2,3,239,2025-12-26 14:15:54.011160
268,185,Apartment,Private room,Escobarport,Mayotte,2,2,1,265,2025-12-26 14:15:54.011160
269,93,Apartment,Private room,Evansmouth,United States of America,5,1,3,236,2025-12-26 14:15:54.011160
270,33,Apartment,Entire home,Jacobbury,Korea,1,3,1,142,2025-12-26 14:15:54.011160
271,13,House,Entire home,Jenkinsview,Serbia,6,3,3,64,2025-12-26 14:15:54.011160
272,195,Apartment,Entire home,North Brad,Croatia,2,1,1,147,2025-12-26 14:15:54.011160
273,38,Condo,Entire home,Moorefort,Malawi,6,2,1,159,2025-12-26 14:15:54.011160
274,72,House,Entire home,West Robertport,Macao,3,2,2,90,2025-12-26 14:15:54.011160
275,147,House,Entire home,Hendersonbury,Pitcairn Islands,3,3,2,263,2025-12-26 14:15:54.011160
276,103,House,Entire home,New Barry,Nepal,2,1,3,107,2025-12-26 14:15:54.011160
277,60,House,Private room,Hallmouth,Ecuador,5,1,3,222,2025-12-26 14:15:54.011160
278,56,Condo,Entire home,Smithchester,Faroe Islands,2,2,1,157,2025-12-26 14:15:54.011160
279,77,House,Private room,Morristown,Cayman Islands,5,1,1,138,2025-12-26 14:15:54.011160
280,111,Condo,Entire home,East Colemouth,Qatar,4,1,3,247,2025-12-26 14:15:54.011160
281,43,Apartment,Entire home,East Jonathantown,Andorra,1,2,2,250,2025-12-26 14:15:54.011160
282,15,House,Entire home,Leahborough,Mexico,1,1,3,219,2025-12-26 14:15:54.011160
283,103,Condo,Private room,Davilamouth,Tokelau,5,4,2,196,2025-12-26 14:15:54.011160
284,193,Apartment,Private room,Jofurt,French Guiana,4,4,2,175,2025-12-26 14:15:54.011160
285,124,House,Private room,Edwardsberg,Falkland Islands (Malvinas),2,2,3,265,2025-12-26 14:15:54.011160
286,84,Apartment,Entire home,Bookershire,Ireland,6,4,3,236,2025-12-26 14:15:54.011160
287,170,House,Private room,Port Adam,Italy,3,2,2,126,2025-12-26 14:15:54.011160
288,77,Condo,Private room,Villegasborough,French Southern Territories,4,2,3,148,2025-12-26 14:15:54.011160
289,163,Condo,Entire home,South Briantown,Guatemala,6,1,2,169,2025-12-26 14:15:54.011160
290,114,Condo,Entire home,Kevinville,French Southern Territories,3,1,1,299,2025-12-26 14:15:54.011160
291,184,Apartment,Entire home,Leblancborough,Christmas Island,1,3,2,150,2025-12-26 14:15:54.011160
292,117,Condo,Entire home,East Antonio,Heard Island and McDonald Islands,4,3,1,69,2025-12-26 14:15:54.011160
293,102,Apartment,Entire home,Port Allen,Pakistan,2,4,1,109,2025-12-26 14:15:54.011160
294,161,House,Entire home,West Tonyaton,Argentina,4,1,2,274,2025-12-26 14:15:54.011160
295,61,House,Entire home,Hansonport,Ethiopia,6,3,3,84,2025-12-26 14:15:54.011160
296,116,House,Entire home,East Jessica,Luxembourg,6,3,1,248,2025-12-26 14:15:54.011160
297,49,Condo,Entire home,Martinezport,Comoros,3,1,3,245,2025-12-26 14:15:54.011160
298,92,House,Entire home,Brandonfort,Bahamas,2,4,3,185,2025-12-26 14:15:54.011160
299,16,Apartment,Private room,Jadeview,Fiji,2,3,1,142,2025-12-26 14:15:54.011160
300,38,House,Entire home,Port Chaseport,Montserrat,6,4,3,160,2025-12-26 14:15:54.011160
301,79,House,Private room,Port Scottberg,Oman,2,1,1,176,2025-12-26 14:15:54.011160
302,72,Apartment,Entire home,Smithtown,Central African Republic,1,3,1,97,2025-12-26 14:15:54.011160
303,196,Apartment,Entire home,Port Kristina,Ghana,3,1,1,68,2025-12-26 14:15:54.011160
304,98,Apartment,Entire home,Jenkinsfort,American Samoa,4,1,1,228,2025-12-26 14:15:54.011160
305,46,House,Entire home,Joelberg,Lithuania,4,3,2,79,2025-12-26 14:15:54.011160
306,182,House,Entire home,Arroyoberg,Guatemala,1,1,3,129,2025-12-26 14:15:54.011160
307,150,House,Private room,East Kristine,Slovenia,3,1,2,242,2025-12-26 14:15:54.011160
308,31,House,Entire home,Port James,Mauritania,3,4,1,299,2025-12-26 14:15:54.011160
309,24,Apartment,Private room,North Angela,Vietnam,5,3,3,105,2025-12-26 14:15:54.011160
310,22,Apartment,Entire home,Westborough,Falkland Islands (Malvinas),1,3,2,132,2025-12-26 14:15:54.011160
311,91,Condo,Private room,Floresside,Mayotte,4,1,1,237,2025-12-26 14:15:54.011160
312,167,Condo,Private room,West Jamesbury,Andorra,1,3,2,152,2025-12-26 14:15:54.011160
313,189,Apartment,Entire home,West Christopher,India,3,2,1,100,2025-12-26 14:15:54.011160
314,3,House,Private room,Amandahaven,Bahamas,4,1,3,120,2025-12-26 14:15:54.011160
315,131,Condo,Private room,Lake Jonathantown,Lao People's Democratic Republic,1,3,2,257,2025-12-26 14:15:54.011160
316,170,House,Private room,Davidville,Montenegro,1,2,3,207,2025-12-26 14:15:54.011160
317,7,House,Entire home,Josephfort,Slovenia,3,1,1,173,2025-12-26 14:15:54.011160
318,147,Apartment,Entire home,Sarahside,Burundi,3,3,3,69,2025-12-26 14:15:54.011160
319,39,Condo,Private room,Grantburgh,Saint Helena,6,2,1,266,2025-12-26 14:15:54.011160
320,99,Apartment,Private room,West Paige,Portugal,4,2,1,164,2025-12-26 14:15:54.011160
321,112,House,Private room,Carolinefort,Kyrgyz Republic,6,3,2,202,2025-12-26 14:15:54.011160
322,121,Condo,Private room,Jenniferbury,Solomon Islands,3,2,2,155,2025-12-26 14:15:54.011160
323,51,Apartment,Private room,South Patrickside,Wallis and Futuna,5,1,2,106,2025-12-26 14:15:54.011160
324,52,House,Entire home,Jacquelinestad,Niger,2,2,3,62,2025-12-26 14:15:54.011160
325,126,Apartment,Private room,Lake Daveville,French Southern Territories,2,1,2,131,2025-12-26 14:15:54.011160
326,158,Apartment,Entire home,East Aliceberg,Luxembourg,3,1,2,217,2025-12-26 14:15:54.011160
327,144,House,Entire home,North Kenneth,Togo,5,4,1,253,2025-12-26 14:15:54.011160
328,169,Condo,Private room,Katelynland,Congo,6,2,2,72,2025-12-26 14:15:54.011160
329,167,Apartment,Entire home,Arnoldton,Western Sahara,2,3,2,284,2025-12-26 14:15:54.011160
330,34,Condo,Entire home,Alexandramouth,Romania,2,1,1,177,2025-12-26 14:15:54.011160
331,159,Apartment,Private room,Josemouth,Syrian Arab Republic,6,3,2,264,2025-12-26 14:15:54.011160
332,25,House,Private room,Barrettberg,Guatemala,1,3,1,63,2025-12-26 14:15:54.011160
333,122,House,Entire home,Rileyland,Saudi Arabia,6,1,2,196,2025-12-26 14:15:54.011160
334,135,House,Entire home,Port Charles,Madagascar,5,3,2,275,2025-12-26 14:15:54.011160
335,155,Condo,Private room,Youngport,Dominican Republic,4,3,3,119,2025-12-26 14:15:54.011160
336,118,Apartment,Private room,Port Jasonborough,Serbia,3,3,2,79,2025-12-26 14:15:54.011160
337,126,Condo,Entire home,Powelltown,South Georgia and the South Sandwich Islands,1,2,1,152,2025-12-26 14:15:54.011160
338,155,Condo,Entire home,South Madeline,Cocos (Keeling) Islands,6,1,3,105,2025-12-26 14:15:54.011160
339,194,Apartment,Entire home,Jacobstad,Bermuda,1,3,3,141,2025-12-26 14:15:54.011160
340,39,Apartment,Private room,East Sharonberg,Namibia,3,1,3,158,2025-12-26 14:15:54.011160
341,181,Apartment,Private room,Ronaldborough,Nigeria,4,4,3,273,2025-12-26 14:15:54.011160
342,155,Condo,Private room,Youngland,Afghanistan,5,1,2,136,2025-12-26 14:15:54.011160
343,109,House,Private room,Reginatown,Tokelau,2,4,3,263,2025-12-26 14:15:54.011160
344,117,House,Entire home,Lorishire,Antigua and Barbuda,2,3,3,51,2025-12-26 14:15:54.011160
345,19,Condo,Private room,Reesehaven,Lao People's Democratic Republic,5,1,1,240,2025-12-26 14:15:54.011160
346,173,Apartment,Private room,Sarahbury,Malta,2,1,2,135,2025-12-26 14:15:54.011160
347,124,Condo,Private room,Priceberg,Mauritius,5,1,2,289,2025-12-26 14:15:54.011160
348,174,Apartment,Private room,Port Jeremiah,United States Minor Outlying Islands,6,2,1,228,2025-12-26 14:15:54.011160
349,82,House,Private room,East Michael,Mayotte,1,1,3,73,2025-12-26 14:15:54.011160
350,98,Condo,Entire home,Cowanborough,Heard Island and McDonald Islands,3,3,1,74,2025-12-26 14:15:54.011160
351,182,Condo,Private room,Port Martha,Greenland,4,2,3,242,2025-12-26 14:15:54.011160
352,110,House,Private room,South Stacy,Philippines,2,1,1,77,2025-12-26 14:15:54.011160
353,17,Condo,Entire home,North Jenniferview,Bosnia and Herzegovina,4,2,1,187,2025-12-26 14:15:54.011160
354,122,Apartment,Private room,North Joshua,Algeria,3,3,2,220,2025-12-26 14:15:54.011160
355,154,Apartment,Private room,Shawtown,Suriname,1,1,1,58,2025-12-26 14:15:54.011160
356,199,Condo,Private room,East Kim,Argentina,6,3,2,267,2025-12-26 14:15:54.011160
357,182,Apartment,Private room,Petersonview,Liechtenstein,3,4,2,297,2025-12-26 14:15:54.011160
358,180,Condo,Entire home,Port Robertport,Denmark,3,4,3,154,2025-12-26 14:15:54.011160
359,62,Apartment,Private room,Benjaminland,Haiti,4,3,1,211,2025-12-26 14:15:54.011160
360,94,House,Private room,Boydville,Cambodia,2,4,1,72,2025-12-26 14:15:54.011160
361,82,Apartment,Private room,New Clairebury,Philippines,3,3,2,119,2025-12-26 14:15:54.011160
362,119,Condo,Private room,Wrightberg,Senegal,6,2,3,264,2025-12-26 14:15:54.011160
363,73,Apartment,Private room,Alexfurt,Taiwan,2,1,1,69,2025-12-26 14:15:54.011160
364,104,Condo,Entire home,New Robert,Grenada,2,3,1,145,2025-12-26 14:15:54.011160
365,175,House,Private room,Carterstad,Colombia,4,1,1,62,2025-12-26 14:15:54.011160
366,51,Apartment,Entire home,New Nicholas,Eritrea,1,1,1,171,2025-12-26 14:15:54.011160
367,30,Apartment,Private room,East Ariel,Chile,5,3,2,157,2025-12-26 14:15:54.011160
368,99,Apartment,Entire home,West Anthony,Iran,6,3,2,62,2025-12-26 14:15:54.011160
369,77,Condo,Entire home,Josephhaven,Zambia,4,4,2,190,2025-12-26 14:15:54.011160
370,191,House,Entire home,New Danaport,Ecuador,5,1,2,97,2025-12-26 14:15:54.011160
371,175,House,Private room,Davisburgh,New Zealand,4,2,1,154,2025-12-26 14:15:54.011160
372,60,Condo,Private room,Lake Tiffany,Czech Republic,1,1,3,107,2025-12-26 14:15:54.011160
373,185,Apartment,Entire home,Robertfort,Norway,1,1,3,132,2025-12-26 14:15:54.011160
374,88,Condo,Entire home,East Glenn,Montserrat,6,2,1,231,2025-12-26 14:15:54.011160
375,45,Apartment,Private room,East Chad,Indonesia,1,4,2,197,2025-12-26 14:15:54.011160
376,175,Apartment,Entire home,Ashleyside,Slovakia (Slovak Republic),2,2,2,130,2025-12-26 14:15:54.011160
377,175,Apartment,Entire home,Dunnchester,Belarus,6,3,1,140,2025-12-26 14:15:54.011160
378,93,Condo,Private room,Sherrystad,South Georgia and the South Sandwich Islands,5,1,2,144,2025-12-26 14:15:54.011160
379,78,Condo,Entire home,South Randybury,Cameroon,3,3,2,192,2025-12-26 14:15:54.011160
380,100,Condo,Private room,West Cassandratown,Timor-Leste,2,2,2,52,2025-12-26 14:15:54.011160
381,14,Condo,Entire home,Jefferyton,Malaysia,1,1,2,258,2025-12-26 14:15:54.011160
382,134,House,Private room,Mccartyton,Cameroon,6,1,2,275,2025-12-26 14:15:54.011160
383,126,House,Entire home,North Samantha,Paraguay,2,2,3,263,2025-12-26 14:15:54.011160
384,120,House,Private room,Powellview,Nepal,1,3,2,102,2025-12-26 14:15:54.011160
385,81,House,Private room,Kelliland,Guinea-Bissau,2,2,2,167,2025-12-26 14:15:54.011160
386,124,Condo,Entire home,Port Steven,Central African Republic,2,2,1,87,2025-12-26 14:15:54.011160
387,119,Condo,Private room,East Patrick,Israel,4,2,1,252,2025-12-26 14:15:54.011160
388,159,Apartment,Entire home,Andrewview,Oman,4,2,3,121,2025-12-26 14:15:54.011160
389,142,Condo,Entire home,Seanmouth,Saint Vincent and the Grenadines,3,3,2,270,2025-12-26 14:15:54.011160
390,3,Condo,Private room,West Samanthamouth,Rwanda,3,3,3,254,2025-12-26 14:15:54.011160
391,120,Apartment,Entire home,New Taylorfurt,Taiwan,1,2,2,51,2025-12-26 14:15:54.011160
392,43,House,Entire home,Lake Jonathanville,Tajikistan,5,2,1,150,2025-12-26 14:15:54.011160
393,32,Apartment,Private room,Garciaton,Haiti,1,3,3,92,2025-12-26 14:15:54.011160
394,198,House,Entire home,South Erik,Pakistan,1,1,1,188,2025-12-26 14:15:54.011160
395,146,House,Private room,Davidberg,Cook Islands,3,3,3,63,2025-12-26 14:15:54.011160
396,78,House,Private room,Jasonside,Falkland Islands (Malvinas),4,1,3,234,2025-12-26 14:15:54.011160
397,195,Condo,Entire home,New Josetown,French Southern Territories,2,4,2,50,2025-12-26 14:15:54.011160
398,200,Condo,Private room,East Sarah,Turks and Caicos Islands,1,2,2,281,2025-12-26 14:15:54.011160
399,157,Apartment,Entire home,Villegasport,Turks and Caicos Islands,1,4,2,236,2025-12-26 14:15:54.011160
400,58,Apartment,Entire home,Wellsberg,Denmark,6,1,1,140,2025-12-26 14:15:54.011160
401,147,House,Private room,Hillhaven,British Indian Ocean Territory (Chagos Archipelago),5,4,1,148,2025-12-26 14:15:54.011160
402,14,House,Private room,Brianaberg,Slovenia,5,4,1,231,2025-12-26 14:15:54.011160
403,28,Condo,Entire home,North Ronaldbury,Canada,1,4,2,120,2025-12-26 14:15:54.011160
404,171,House,Private room,Ariastown,Cameroon,3,2,2,264,2025-12-26 14:15:54.011160
405,84,Apartment,Private room,Katieberg,Mongolia,5,3,2,201,2025-12-26 14:15:54.011160
406,166,Condo,Entire home,Lake Cherylmouth,Swaziland,1,1,1,178,2025-12-26 14:15:54.011160
407,26,Apartment,Private room,Jarvisstad,Bosnia and Herzegovina,1,2,3,51,2025-12-26 14:15:54.011160
408,49,Condo,Private room,East Brandonburgh,Montenegro,1,1,2,196,2025-12-26 14:15:54.011160
409,115,Condo,Entire home,East Jasmin,Hungary,1,2,1,258,2025-12-26 14:15:54.011160
410,100,Apartment,Entire home,New Michaelbury,Ukraine,6,2,3,79,2025-12-26 14:15:54.011160
411,51,Condo,Private room,Loganville,Venezuela,3,2,2,181,2025-12-26 14:15:54.011160
412,190,Apartment,Entire home,Warrenmouth,Bermuda,1,1,1,275,2025-12-26 14:15:54.011160
413,83,House,Private room,North Aliciaberg,Central African Republic,4,1,2,67,2025-12-26 14:15:54.011160
414,47,Condo,Entire home,Rayville,Guinea-Bissau,5,1,3,222,2025-12-26 14:15:54.011160
415,36,Condo,Entire home,West Thomasmouth,Morocco,6,4,1,120,2025-12-26 14:15:54.011160
416,32,House,Entire home,North Tonya,Bahrain,2,4,2,285,2025-12-26 14:15:54.011160
417,185,Condo,Entire home,Berryberg,Saint Vincent and the Grenadines,5,4,3,217,2025-12-26 14:15:54.011160
418,167,Condo,Private room,East Nicholasberg,Reunion,4,3,3,225,2025-12-26 14:15:54.011160
419,57,House,Private room,North Michael,Gambia,6,2,3,241,2025-12-26 14:15:54.011160
420,10,House,Entire home,Lake Christine,Heard Island and McDonald Islands,5,4,1,179,2025-12-26 14:15:54.011160
421,16,Condo,Entire home,East Brandon,Solomon Islands,6,2,3,116,2025-12-26 14:15:54.011160
422,198,House,Private room,Lake Jessica,Guatemala,2,1,3,81,2025-12-26 14:15:54.011160
423,14,Apartment,Entire home,Walkerbury,Azerbaijan,3,1,1,136,2025-12-26 14:15:54.011160
424,169,House,Entire home,Rossmouth,Falkland Islands (Malvinas),3,1,3,224,2025-12-26 14:15:54.011160
425,125,Condo,Entire home,Stevenland,Spain,5,1,2,99,2025-12-26 14:15:54.011160
426,72,Apartment,Private room,East Nathanton,Greece,2,2,3,149,2025-12-26 14:15:54.011160
427,92,Apartment,Private room,New Wesleyland,Saint Vincent and the Grenadines,6,4,2,74,2025-12-26 14:15:54.011160
428,32,House,Private room,Saramouth,Egypt,6,1,2,264,2025-12-26 14:15:54.011160
429,109,Condo,Private room,Lake Nicholasmouth,Brazil,2,4,2,173,2025-12-26 14:15:54.011160
430,24,Apartment,Private room,Floydbury,Cote d'Ivoire,3,3,2,100,2025-12-26 14:15:54.011160
431,112,House,Private room,Lake Kimberly,Egypt,4,2,1,268,2025-12-26 14:15:54.011160
432,57,Apartment,Private room,Lake Alyssatown,Congo,4,3,3,74,2025-12-26 14:15:54.011160
433,137,Apartment,Entire home,Phillipsview,Fiji,6,2,1,182,2025-12-26 14:15:54.011160
434,33,House,Private room,East Michelleton,Cayman Islands,5,4,1,107,2025-12-26 14:15:54.011160
435,180,House,Entire home,Adammouth,Anguilla,6,1,2,55,2025-12-26 14:15:54.011160
436,136,Apartment,Entire home,New Courtneytown,Burundi,6,3,1,92,2025-12-26 14:15:54.011160
437,178,Condo,Entire home,Millsport,Egypt,4,3,3,197,2025-12-26 14:15:54.011160
438,70,Condo,Entire home,Lake Ronald,Papua New Guinea,4,2,3,115,2025-12-26 14:15:54.011160
439,93,House,Private room,New Aprilshire,Haiti,4,1,1,187,2025-12-26 14:15:54.011160
440,27,House,Entire home,Yatesberg,Guyana,4,4,2,120,2025-12-26 14:15:54.011160
441,126,Condo,Entire home,Foxfort,United States Virgin Islands,2,4,1,243,2025-12-26 14:15:54.011160
442,121,Apartment,Private room,Longberg,Tajikistan,5,4,1,189,2025-12-26 14:15:54.011160
443,178,Apartment,Private room,New Elizabethmouth,Fiji,6,1,2,99,2025-12-26 14:15:54.011160
444,26,House,Private room,New Lisa,Panama,6,4,2,259,2025-12-26 14:15:54.011160
445,75,Apartment,Private room,East Cherylside,Ukraine,5,1,3,213,2025-12-26 14:15:54.011160
446,166,Apartment,Private room,Natalieview,Bermuda,4,3,3,265,2025-12-26 14:15:54.011160
447,127,Apartment,Entire home,Lake Reginaldberg,Maldives,1,1,3,283,2025-12-26 14:15:54.011160
448,114,House,Private room,Perezmouth,Yemen,6,3,2,60,2025-12-26 14:15:54.011160
449,188,House,Private room,Amytown,Kyrgyz Republic,1,4,3,57,2025-12-26 14:15:54.011160
450,42,House,Entire home,Alyssatown,Anguilla,5,4,3,282,2025-12-26 14:15:54.011160
451,96,House,Private room,Kimberlyberg,Kyrgyz Republic,2,4,1,139,2025-12-26 14:15:54.011160
452,158,Condo,Entire home,East Kimberly,Greece,4,3,3,259,2025-12-26 14:15:54.011160
453,41,House,Private room,Micheleberg,French Polynesia,1,4,3,210,2025-12-26 14:15:54.011160
454,74,Condo,Entire home,Joelmouth,Nigeria,3,3,1,168,2025-12-26 14:15:54.011160
455,53,House,Entire home,New Juliastad,United States Minor Outlying Islands,3,2,1,261,2025-12-26 14:15:54.011160
456,14,Apartment,Entire home,Brianton,North Macedonia,5,3,1,168,2025-12-26 14:15:54.011160
457,118,Condo,Private room,South Dana,Hungary,1,1,3,169,2025-12-26 14:15:54.011160
458,136,House,Entire home,Michaelshire,Colombia,5,2,1,270,2025-12-26 14:15:54.011160
459,54,House,Private room,Wilsonfurt,Comoros,6,3,2,57,2025-12-26 14:15:54.011160
460,65,Condo,Entire home,North Janetfurt,Malawi,5,1,3,122,2025-12-26 14:15:54.011160
461,13,Apartment,Entire home,Sheilaview,Georgia,3,4,2,266,2025-12-26 14:15:54.011160
462,187,Apartment,Entire home,Greenshire,Palau,3,2,1,275,2025-12-26 14:15:54.011160
463,35,House,Private room,Alvaradobury,China,3,4,2,246,2025-12-26 14:15:54.011160
464,130,House,Entire home,Sparkschester,Isle of Man,2,4,1,60,2025-12-26 14:15:54.011160
465,59,House,Entire home,Mitchellchester,Singapore,3,3,3,178,2025-12-26 14:15:54.011160
466,41,Condo,Private room,Sanchezborough,Syrian Arab Republic,2,3,3,249,2025-12-26 14:15:54.011160
467,123,Condo,Entire home,Beverlyport,Nauru,2,3,1,195,2025-12-26 14:15:54.011160
468,135,House,Private room,Cherylborough,Comoros,6,3,3,172,2025-12-26 14:15:54.011160
469,64,Apartment,Entire home,Lake Mark,Mauritius,2,1,3,213,2025-12-26 14:15:54.011160
470,162,House,Entire home,Shannonberg,Yemen,3,3,2,249,2025-12-26 14:15:54.011160
471,110,House,Entire home,Boydberg,Saudi Arabia,1,1,2,132,2025-12-26 14:15:54.011160
472,25,Condo,Private room,Port Thomas,Croatia,6,1,2,198,2025-12-26 14:15:54.011160
473,50,Condo,Entire home,Lake Markberg,Falkland Islands (Malvinas),6,2,2,228,2025-12-26 14:15:54.011160
474,182,House,Entire home,Port Matthewshire,Bolivia,1,3,2,164,2025-12-26 14:15:54.011160
475,130,Condo,Entire home,Wallaceport,Barbados,3,2,3,300,2025-12-26 14:15:54.011160
476,30,Apartment,Entire home,Port Tyroneshire,Serbia,2,1,3,103,2025-12-26 14:15:54.011160
477,161,Condo,Entire home,Jordanchester,Tunisia,5,2,1,73,2025-12-26 14:15:54.011160
478,200,Apartment,Entire home,Johnsonside,Ghana,4,2,3,97,2025-12-26 14:15:54.011160
479,56,Condo,Private room,New Stephanie,Czech Republic,1,4,3,287,2025-12-26 14:15:54.011160
480,152,House,Entire home,New Leslie,Nauru,1,2,3,164,2025-12-26 14:15:54.011160
481,151,House,Private room,Kelseybury,Tonga,4,1,3,172,2025-12-26 14:15:54.011160
482,95,Condo,Private room,Gibbsview,Lesotho,1,1,2,248,2025-12-26 14:15:54.011160
483,60,House,Entire home,Alanport,Burundi,2,3,2,122,2025-12-26 14:15:54.011160
484,15,Apartment,Private room,Melanieborough,Pitcairn Islands,1,2,3,62,2025-12-26 14:15:54.011160
485,73,Condo,Entire home,West Michelle,Thailand,4,2,3,183,2025-12-26 14:15:54.011160
486,116,House,Entire home,Lake Mallory,Saint Helena,5,1,3,271,2025-12-26 14:15:54.011160
487,22,Apartment,Private room,Chadbury,Israel,3,3,1,81,2025-12-26 14:15:54.011160
488,64,Condo,Private room,Johntown,El Salvador,1,4,2,76,2025-12-26 14:15:54.011160
489,184,Condo,Entire home,Jessicamouth,Gabon,4,1,1,222,2025-12-26 14:15:54.011160
490,18,Apartment,Private room,West Jamietown,Cote d'Ivoire,5,3,1,270,2025-12-26 14:15:54.011160
491,31,House,Entire home,West Cindy,Austria,4,2,3,221,2025-12-26 14:15:54.011160
492,47,Condo,Entire home,Port Jorgechester,Papua New Guinea,1,4,2,165,2025-12-26 14:15:54.011160
493,65,Condo,Entire home,New Jack,French Polynesia,1,3,2,221,2025-12-26 14:15:54.011160
494,70,Apartment,Private room,Jesuschester,United Arab Emirates,3,3,1,132,2025-12-26 14:15:54.011160
495,44,House,Private room,Hannahport,South Africa,2,3,3,236,2025-12-26 14:15:54.011160
496,149,House,Private room,Toddchester,Philippines,1,2,3,238,2025-12-26 14:15:54.011160
497,136,Apartment,Private room,West Daniellehaven,Eritrea,2,1,3,171,2025-12-26 14:15:54.011160
498,73,Apartment,Private room,Yorkchester,Andorra,3,4,1,280,2025-12-26 14:15:54.011160
499,34,Condo,Entire home,Armstrongburgh,Georgia,2,1,1,275,2025-12-26 14:15:54.011160
500,81,Condo,Private room,South Amber,Saint Barthelemy,4,4,3,86,2025-12-26 14:15:54.011160
